{
  "ad_per_fold": [
    38.450944859596575,
    40.17412635742127,
    34.27276472617789,
    38.77158337302722,
    41.35070404912786,
    41.64495014082833,
    41.33441953682904,
    36.79832359338482,
    41.1354859799299,
    44.885552040640306
  ],
  "l2_mean": 0.43728758352736125,
  "l2_per_fold": [
    0.46306391752639753,
    0.4371900399299838,
    0.25556220894982623,
    0.27091041114309533,
    0.428980668007493,
    0.4475074275364681,
    0.5967684015550465,
    0.4756025200709957,
    0.4311486448877588,
    0.5661415956665484
  ]
}